{"columns":["x","y"],"index":[0,1,2,3,4,5,6,7,8,9,10,11,12,13,14,15,16,17,18],"data":[[-0.021625321,0.1705305643],[0.1051954904,1.7039094661],[0.2320163019,3.6177508022],[0.6240079008,6.108050372],[1.3042286167,7.5722542857],[1.9268035091,9.0710456935],[3.2295991174,10.7773620655],[4.2326364442,11.4345244519],[5.7890736753,11.7803993922],[7.5991525293,11.4460536166],[9.1786480898,10.9848870296],[11.0233144378,10.581366266],[12.9256266092,10.1778455023],[14.8971137687,9.6359747626],[16.2921426944,9.6820914213],[17.6410549614,9.762795574],[19.6010129562,9.8550288914],[21.2381543401,10.0164371969],[22.2066041728,9.9357330442]]}