{"columns":["axisLocn_x","axisLocn_y","distAlongAxis","plumeAngle","sig plumeAngle","plumeWidth","sig plumeWidth"],"index":[0,1,2,3,4,5,6,7,8,9,10,11,12,13,14,15,16,17,18],"data":[[-0.021625321,0.1705305643,0.1718962707,1.476654829,0.0195058685,0.2842060405,0.0017138743],[0.1051954904,1.7039094661,1.7105107041,1.497350082,0.0152266703,0.3165509318,0.0011342583],[0.2320163019,3.6177508022,3.6285493319,1.4535356989,0.01186841,0.6007562897,0.0022642201],[0.6240079008,6.108050372,6.1495113231,1.3060250268,0.0128454795,1.0396324537,0.0031682365],[1.3042286167,7.5722542857,7.764006081,1.1565502764,0.0162605732,1.2644932887,0.0042746974],[1.9268035091,9.0710456935,9.386958693,1.0298480059,0.0140765564,1.5372056041,0.0065470063],[3.2295991174,10.7773620655,11.5337684094,0.7977432152,0.0159395273,2.0016875133,0.0080306682],[4.2326364442,11.4345244519,12.7329123878,0.3734971461,0.0191457271,2.0921993394,0.0064910116],[5.7890736753,11.7803993922,14.327317082,0.0034246442,0.0156337498,2.1594813426,0.007481569],[7.5991525293,11.4460536166,16.1680160132,-0.230521839,0.0151167448,2.0457821447,0.0064449855],[9.1786480898,10.9848870296,17.8134584602,-0.2473539556,0.0149028195,1.929284268,0.0063061149],[11.0233144378,10.581366266,19.7017441754,-0.212143753,0.0137315099,1.8576598107,0.0075986724],[12.9256266092,10.1778455023,21.6463831147,-0.2393686238,0.0131991711,1.7762696866,0.0071791123],[14.8971137687,9.6359747626,23.6909822242,-0.146209438,0.0154670351,1.6533140732,0.0055117106],[16.2921426944,9.6820914213,25.0867732006,0.0461856196,0.0191605617,1.5679685001,0.0046781499],[17.6410549614,9.762795574,26.4380975378,0.0522172972,0.0158845277,1.5484932161,0.0046993066],[19.6010129562,9.8550288914,28.4002245281,0.0703963033,0.0145954325,1.56001972,0.0049952731],[21.2381543401,10.0164371969,30.0453034174,0.0309635522,0.0201897944,1.6579088321,0.0062975207],[22.2066041728,9.9357330442,31.0171101053,-0.308052781,0.0395471278,1.6928228639,0.0053514349]]}