{"columns":["axisLocn_x","axisLocn_y","distAlongAxis","plumeAngle","sig plumeAngle","plumeWidth","sig plumeWidth"],"index":[0,1,2,3,4,5,6,7,8,9,10,11,12,13,14,15,16,17,18,19,20,21],"data":[[-0.0131578947,0.0762746711,0.0774012638,1.5409544427,0.0954798581,0.2743840272,0.0013505953],[0.0526315789,0.4216694079,0.4290058415,1.2820667983,0.0607433756,0.2791910857,0.0015717987],[0.2335526316,0.9068667763,0.9468368116,1.1071487178,0.0440333386,0.4278219143,0.0036029001],[0.5871710526,1.4907483553,1.6294521396,0.7657928326,0.0295726386,0.5486826671,0.003359992],[1.5164473684,2.1404194079,2.7633070455,0.5181390652,0.0259810793,0.7875374169,0.0035496967],[2.3470394737,2.4940378289,3.6660413548,0.3333929779,0.0261800846,0.925763903,0.0034893677],[3.4161184211,2.7983141447,4.7775780713,0.2623305007,0.0286159475,1.0126935308,0.0028369964],[4.1233552632,2.9710115132,5.5055947825,0.1955806798,0.0296131317,1.0587621259,0.0027678067],[5.1595394737,3.1437088816,6.5560718642,0.1891990221,0.0267480563,1.1182948386,0.0028666301],[6.0559210526,3.3410773026,7.4739249181,0.2010213597,0.0236646196,1.1774840022,0.0033589505],[7.3388157895,3.5877878289,8.7803264605,0.18298338,0.0223955633,1.239997389,0.0039750432],[8.3667763158,3.7687088816,9.8240866201,0.0828865846,0.0196247015,1.2580297338,0.0042812171],[10.0115131579,3.8098273026,11.4693373622,0.036347621,0.0166123968,1.2690673618,0.0047423758],[11.5328947368,3.8838404605,12.9925181972,0.0339295327,0.0167005652,1.2468739411,0.0044259552],[13.1611842105,3.9167351974,14.6211399071,-0.0209393475,0.0167502539,1.243386254,0.0043651633],[14.6743421053,3.8180509868,16.1375123508,-0.0527215466,0.0168630804,1.2236895509,0.0046650674],[16.2779605263,3.7522615132,17.7424797321,0.0,0.0184971098,1.2145210858,0.0053604933],[17.5197368421,3.8180509868,18.9859975942,0.0071941205,0.023020987,1.2102853528,0.00582736],[18.5641447368,3.7687088816,20.0315704008,-0.0917299777,0.0189112547,1.1819132611,0.0063356337],[20.2911184211,3.5631167763,21.770738656,-0.0409606835,0.0174716718,1.2345571215,0.0083644153],[21.5740131579,3.6453536184,23.0562664869,0.0226376417,0.0241447554,1.4571180715,0.0118268331],[22.4703947368,3.6124588816,23.9532514358,-0.1279521013,0.0371209466,1.6876580746,0.0122171903]]}