{"columns":["x","y"],"index":[0,1,2,3,4,5,6,7,8,9,10,11,12,13,14,15,16,17,18,19,20,21],"data":[[-0.0131578947,0.0762746711],[0.0526315789,0.4216694079],[0.2335526316,0.9068667763],[0.5871710526,1.4907483553],[1.5164473684,2.1404194079],[2.3470394737,2.4940378289],[3.4161184211,2.7983141447],[4.1233552632,2.9710115132],[5.1595394737,3.1437088816],[6.0559210526,3.3410773026],[7.3388157895,3.5877878289],[8.3667763158,3.7687088816],[10.0115131579,3.8098273026],[11.5328947368,3.8838404605],[13.1611842105,3.9167351974],[14.6743421053,3.8180509868],[16.2779605263,3.7522615132],[17.5197368421,3.8180509868],[18.5641447368,3.7687088816],[20.2911184211,3.5631167763],[21.5740131579,3.6453536184],[22.4703947368,3.6124588816]]}