{"columns":["axisLocn_x","axisLocn_y","distAlongAxis","plumeAngle","sig plumeAngle","plumeWidth","sig plumeWidth"],"index":[0,1,2,3,4,5,6,7,8,9,10,11,12,13,14,15],"data":[[0.0043696905,-0.0186016991,0.0191080455,1.5795297292,0.0147101377,11.1913341268,0.0640195872],[0.0512401133,1.8405917391,1.8788921936,1.5141767458,0.0136168085,13.1144132581,0.082334496],[0.2230983302,3.8403964457,3.8860678489,1.4376599992,0.0149059735,23.0644462672,0.1447049462],[0.5199443414,5.3402499756,5.4150145992,1.3350659549,0.0160567839,34.7571291214,0.1790290688],[0.9886485695,7.0275851968,7.166238115,1.2018367806,0.0139646379,49.4729524962,0.1977219741],[1.8791866029,8.8555316864,9.1995719188,1.020490143,0.0138715107,65.7178197451,0.2661001234],[2.9728298018,10.2616443707,10.9809220606,0.8501539141,0.0162257566,76.0870166597,0.3371472082],[4.0196025779,11.2927936725,12.4502763839,0.5541172736,0.0158268948,82.2916941164,0.4549780886],[5.8006786447,12.0114734889,14.3708837446,0.4755924334,0.012853612,95.2883754245,0.4099302946],[7.6598720828,13.1676105849,16.5602336995,0.3160254261,0.0101648361,105.6056132387,0.3965407276],[10.7220730397,13.6206913387,19.6557719193,0.1387671744,0.0093194613,113.3646985146,0.3383833826],[13.2530758715,13.9487842984,22.2079514437,0.0846679483,0.0123862823,114.7526775069,0.3475614264],[14.9560345669,13.9800312469,23.9111967842,-0.1159435155,0.013438283,115.1098793038,0.3421190338],[17.1433209647,13.4957035446,26.1514635338,-0.164074564,0.0110049917,113.2924242377,0.3088137377],[19.6743237965,13.1988575334,28.6998145474,-0.2108751355,0.0105243636,111.3684931462,0.4799636199],[22.0334684113,12.4489307685,31.1752849,-0.4057209734,0.0106366612,107.43502377,0.3132633287]]}