{"columns":["x","y"],"index":[0,1,2,3,4,5,6,7,8,9,10,11,12,13,14,15,16,17,18,19,20,21,22,23,24,25,26,27,28,29,30],"data":[[0.0,0.0],[-0.14932211,0.39601656],[-0.08440768,1.88904858],[0.04542119,2.99259398],[0.11033563,4.29088269],[0.2401645,6.36814462],[0.43490781,8.44540655],[0.53227946,10.32792517],[0.66210833,11.75604275],[0.85685164,12.89204537],[1.11650938,13.76839025],[1.44108155,14.70964956],[1.63582486,15.13159339],[1.99285425,16.0728527],[2.4472553,17.1763981],[3.22622853,17.89045689],[3.77800123,18.37731516],[4.52451723,18.47468681],[5.43331933,18.47468681],[6.14737812,18.21502907],[6.60177916,17.85799967],[7.18600908,17.33868419],[7.51058126,17.01411201],[8.38692614,16.26759601],[9.29572823,15.52108],[10.07470146,14.64473512],[10.82121746,13.80084746],[11.69756234,12.9569598],[12.34670669,12.69730206],[12.76865052,12.34027267],[12.96339383,12.2104438]]}