{"columns":["axisLocn_x","axisLocn_y","distAlongAxis","plumeAngle","sig plumeAngle","plumeWidth","sig plumeWidth"],"index":[0,1,2,3,4,5,6,7,8,9,10,11,12,13,14,15],"data":[[-0.0178693487,0.0644468314,0.0668783052,1.8018869938,0.0642980213,0.2977337926,0.0023158943],
[-0.0022458744,1.2049604531,1.2074989319,1.5045035692,0.0139475118,0.3237814473,0.0023323184],
[0.2321062396,3.8297041305,3.8426839891,1.4200499457,0.0105397022,0.6536787457,0.0040372427],
[0.7476808905,6.1419783224,6.2117405859,1.3109350416,0.0129192315,1.2015734047,0.0066344727],
[1.2788790157,7.7668196465,7.9212085666,1.1787851841,0.0173922084,1.5422732031,0.0067838022],
[1.9038179865,8.9385802168,9.2492038795,0.864876408,0.0105068426,1.6980772244,0.0078141215],
[4.5285616639,11.5789473684,12.9722158413,0.7107340678,0.0093520841,2.1860963589,0.0093858731],
[6.1690264623,12.6100966702,14.9098416146,0.522292407,0.0142420537,2.4351502698,0.0090030308],
[7.7313738893,13.4225173323,16.670794997,0.4060572869,0.0149508265,2.6568229732,0.0090567025],
[9.4030856362,14.0005858803,18.4396317364,0.2822973533,0.0140060961,2.9125783906,0.0092021252],
[11.3403964457,14.4692901084,20.432834392,0.1765652398,0.0137608938,3.1805938839,0.0109581626],
[13.1683429353,14.6723952739,22.2720298892,0.1243549946,0.0134787746,3.3573445569,0.011933025],
[15.2150180646,14.9536178108,24.3379353082,0.1321557278,0.0100887461,3.5260659934,0.0131444741],
[18.3397129187,15.3598281418,27.4889232111,0.1102888971,0.0112358477,3.6592464544,0.0135210595],
[19.8708133971,15.4691924617,29.0239245888,0.0730405653,0.0136575934,3.6900673045,0.0137769836],
[22.1830875891,15.6410506786,31.3425766079,0.0750035465,0.0097088987,3.8263453876,0.01603185]]}
