{"columns":["x","y"],"index":[0,1,2,3,4,5,6,7,8,9,10,11,12,13,14,15],"data":[[-0.0178693487,0.0644468314],[-0.0022458744,1.2049604531],[0.2321062396,3.8297041305],[0.7476808905,6.1419783224],[1.2788790157,7.7668196465],[1.9038179865,8.9385802168],[4.5285616639,11.5789473684],[6.1690264623,12.6100966702],[7.7313738893,13.4225173323],[9.4030856362,14.0005858803],[11.3403964457,14.4692901084],[13.1683429353,14.6723952739],[15.2150180646,14.9536178108],[18.3397129187,15.3598281418],[19.8708133971,15.4691924617],[22.1830875891,15.6410506786]]}