{"columns":["axisLocn_x","axisLocn_y","distAlongAxis","plumeAngle","plumeWidth"],"index":[0,1,2,3,4,5,6,7,8,9,10,11,12,13,14,15,16],"data":[[-0.0820726636,0.1223754771,0.1473488361,1.5106771619,0.2773661639],[0.0797139794,1.2574402727,1.2938857993,1.449785329,0.3195372442],[0.0246409331,2.4993983846,2.5370643835,1.1767419096,0.650991916],[1.4438319197,4.5611912015,5.0400810986,0.7834307829,1.0484989095],[2.8559470851,5.2349229384,6.6046844649,0.5654275869,1.3294215043],[4.0068166044,5.936272888,7.9524204933,0.5067716495,1.5218250317],[6.202407171,7.1789475994,10.4752875874,0.4309009785,1.8173041597],[7.5707328866,7.5982519938,11.9064170152,0.2983655973,1.954666978],[8.9421361094,7.9731008639,13.3281267165,0.2239323676,2.0743548],[10.357686958,8.3084149072,14.7828499592,0.2474386421,2.2301842743],[11.0111422801,8.495470008,15.4625509734,0.2389812178,2.2987668382],[11.9478626334,8.6879262974,16.4188377733,0.2012597145,2.4291851246],[12.8150837821,8.816120861,17.2954827225,0.152849268,2.5422108228],[14.0150493668,9.0391236382,18.5159939444,0.0580464816,2.6817086617],[15.162434626,9.0971875456,19.6648474383,0.0433004584,2.8356966956],[17.0102578041,8.929590866,21.5202555187,0.1014606282,2.985225073],[18.8397677577,9.2486456758,23.3773776584,0.0920521365,3.2957744228]]}