{"columns":["x","y"],"index":[0,1,2,3,4,5,6,7,8,9,10,11,12,13,14,15,16,17],"data":[[0.0,0.0],[-0.02582808,0.11002827],[0.08924928,1.22843722],[0.4336018,2.63268395],[1.24083153,4.05865872],[2.61934609,5.3524804],[4.05516911,5.96087945],[6.33185225,7.08838181],[7.70241386,7.58782356],[8.97923385,8.02627682],[10.24823357,8.33010809],[11.08119984,8.59968437],[12.02478705,8.65672156],[12.81634783,8.81504465],[14.02149211,8.98285486],[15.32004825,9.05392668],[16.9233005,9.28622328],[17.96458966,9.1107405]]}