{"columns":["x","y"],"index":[0,1,2,3,4,5,6,7,8,9,10,11,12,13,14,15,16,17],"data":[[0.0,0.0],[-0.03013222,0.13148034],[0.07451694,1.23129457],[0.2744039,2.63578296],[1.34171155,4.27888358],[2.84907328,5.20034151],[4.04165858,5.99209828],[6.28143366,7.10574051],[7.69743833,7.67270395],[8.96582648,7.93131574],[10.32797473,8.2718141],[10.98310907,8.44091227],[12.00788074,8.68110166],[12.8163862,8.81494086],[14.02765912,8.9922502],[15.42678625,8.96663581],[16.74850431,9.11013773],[18.44383478,9.27380219]]}