{"columns":["x","y"],"index":[0,1,2,3,4,5,6,7,8,9,10,11,12,13,14,15,16],"data":[[-0.0618322121,0.0728855632],[0.0191117747,1.2510702594],[0.3428877217,2.4922113897],[0.8375454186,3.4995143361],[1.8898172465,4.8036119006],[2.960076627,5.5051264525],[3.6256160737,6.0087779257],[5.0736140591,6.5933733856],[6.8813630967,7.016080872],[8.8510001079,7.1779688456],[11.1624006188,7.2139439508],[13.105056301,7.0880310825],[16.0100460481,6.9531244379],[18.1055959276,6.6833111487],[20.0572453862,6.5214231752],[22.1887703709,6.458466741],[23.1241231068,6.4674605173]]}