{"columns":["axisLocn_x","axisLocn_y","distAlongAxis","plumeAngle","sig plumeAngle","plumeWidth","sig plumeWidth"],"index":[0,1,2,3,4,5,6,7,8,9,10,11,12,13,14,15,16],"data":[[-0.0618322121,0.0728855632,0.0955799549,1.6060758003,0.0229347394,0.2819386445,0.001862398],[0.0191117747,1.2510702594,1.2765418964,1.4050448767,0.0214564918,0.3244310518,0.0015405119],[0.3428877217,2.4922113897,2.5592196304,1.2217041929,0.0219961144,0.6571762469,0.004071096],[0.8375454186,3.4995143361,3.6814252546,0.9810000032,0.0189234548,0.9211398377,0.004529365],[1.8898172465,4.8036119006,5.3571180837,0.7570832927,0.0180232253,1.2449531483,0.0049264863],[2.960076627,5.5051264525,6.6367968746,0.6068905578,0.0249066381,1.4036931343,0.0058231798],[3.6256160737,6.0087779257,7.4714270691,0.4754913868,0.022139682,1.5144413867,0.0060085652],[5.0736140591,6.5933733856,9.0329807882,0.3000511228,0.0154434826,1.7250204333,0.0058224681],[6.8813630967,7.016080872,10.8894931641,0.1535437826,0.0137694118,1.9360472755,0.0057566063],[8.8510001079,7.1779688456,12.8657719076,0.0461856197,0.0122810076,2.0780831509,0.0061441744],[11.1624006188,7.2139439508,15.1774523634,-0.0211385,0.012369329,2.0700461405,0.0056661775],[13.105056301,7.0880310825,17.1241842787,-0.0537515129,0.0108414623,1.9840729136,0.0057995935],[16.0100460481,6.9531244379,20.0323048459,-0.0807592206,0.0104908756,1.7990931661,0.0062422518],[18.1055959276,6.6833111487,22.1451532808,-0.1062648629,0.012931089,1.6773829144,0.0073110295],[20.0572453862,6.5214231752,24.1035054772,-0.0550105219,0.0128703694,1.6218501022,0.0085775753],[22.1887703709,6.458466741,26.2359599956,-0.0175934925,0.0171586344,1.8789338748,0.0138689815],[23.1241231068,6.4674605173,27.1713559698,0.1325515323,0.077342209,2.1700043077,0.016238452]]}