{"columns":["axisLocn_x","axisLocn_y","distAlongAxis","plumeAngle","sig plumeAngle","plumeWidth","sig plumeWidth"],"index":[0,1,2,3,4,5,6,7,8,9,10,11,12,13,14,15,16,17,18,19],"data":[[-0.0161025042,0.0797845483,0.0813932724,1.4153443151,0.0460464886,0.2730428773,0.0017045942],[0.1440117431,0.6275438154,0.6520742576,1.1592188713,0.0454284198,0.384556354,0.0028604271],[0.4473861064,1.14159482,1.2489699266,0.8472660093,0.0390072102,0.5266991739,0.0031266975],[1.0372807018,1.6387916932,2.0204492616,0.6564873917,0.0405520375,0.684255213,0.0032099081],[1.4754881154,1.9337389909,2.5486723639,0.4610636354,0.0360863211,0.7721675027,0.0034164741],[2.3434758772,2.2876757481,3.4860484798,0.378427378,0.0349617377,0.8959203747,0.0043151593],[2.874381013,2.4899253236,4.0541727215,0.2670501336,0.0284158396,0.9471259948,0.0042498286],[4.1300137946,2.7764455557,5.3420809192,0.2160849723,0.0247979523,1.0679434406,0.0044037627],[4.9474391624,2.9449868686,6.1767008363,0.1859018131,0.02815564,1.1226530876,0.0041793795],[5.9671141058,3.1219552472,7.2116186095,0.1880500376,0.022893416,1.1974743301,0.0043847246],[7.2058927561,3.3747672167,8.4759312434,0.1571102653,0.0203584736,1.3194385961,0.0054565471],[8.5205149972,3.5264543983,9.7992757329,0.1002913174,0.0195413736,1.4088913275,0.0065306935],[9.8856996321,3.6444333174,11.1695487396,0.1279151061,0.0199180528,1.4291987766,0.0074219769],[11.1413324137,3.8635370243,12.4441546067,0.126040623,0.0212191677,1.4823530288,0.0077077676],[12.3464028014,3.9562347464,13.6527850329,0.0885053814,0.0212324064,1.4960253743,0.0075182904],[13.6104626486,4.0826407311,14.9231494571,0.0646158039,0.0183309022,1.4848922653,0.0071245642],[15.2116051217,4.1416301906,16.5253782096,-0.0132267418,0.0165211484,1.4566785657,0.0071164704],[16.7958934635,4.0405054029,18.1128906576,-0.034469101,0.0165565797,1.4321034035,0.0077502551],[18.388608871,4.0320783372,19.7056283588,0.0284014518,0.0177358568,1.3733193755,0.0078164431],[19.7622205716,4.1247760594,21.0823643436,0.1128518044,0.0206860415,1.345500855,0.0085382574]]}