{"columns":["x","y"],"index":[0,1,2,3,4,5,6,7,8,9,10,11,12,13,14,15,16,17,18,19],"data":[[-0.0161025042,0.0797845483],[0.1440117431,0.6275438154],[0.4473861064,1.14159482],[1.0372807018,1.6387916932],[1.4754881154,1.9337389909],[2.3434758772,2.2876757481],[2.874381013,2.4899253236],[4.1300137946,2.7764455557],[4.9474391624,2.9449868686],[5.9671141058,3.1219552472],[7.2058927561,3.3747672167],[8.5205149972,3.5264543983],[9.8856996321,3.6444333174],[11.1413324137,3.8635370243],[12.3464028014,3.9562347464],[13.6104626486,4.0826407311],[15.2116051217,4.1416301906],[16.7958934635,4.0405054029],[18.388608871,4.0320783372],[19.7622205716,4.1247760594]]}