{"columns":["axisLocn_x","axisLocn_y","distAlongAxis","plumeAngle","plumeWidth"],"index":[0,1,2,3,4,5,6,7,8,9,10,11,12,13,14,15,16,17,18,19,20,21,22,23,24,25,26,27,28,29],"data":[[0.0,0.0,0.0,-1.6694864902,11.3894336595],[-0.004933469,0.0526315789,0.0528622948,1.5083068854,17.3238825984],[0.0696753011,1.11354148,1.116392401,1.4994730838,17.9524230452],[0.148553559,2.20097299,2.2066809264,1.4637969769,14.1160988032],[0.308046033,3.33281053,3.3497006402,1.406048695,10.4503999661],[0.576148427,4.77290245,4.8145363415,1.3236114453,7.6354604999],[0.934371435,5.81482681,5.9163213003,1.2731322252,7.0457108176],[1.21229756,6.84654441,6.9848175039,1.1488471805,5.9529537919],[1.80122647,7.74583818,8.0597903155,1.0755731927,5.8326705158],[2.25706317,8.78087972,9.190762502,1.0843491151,6.7961543241],[2.60398708,9.26382272,9.7853969617,0.8335185006,5.8668603555],[3.64814398,10.3127212,11.2654144119,0.8515113726,6.7671034011],[3.88983744,10.7320176,11.7493825924,0.844372979,6.7417542957],[4.52329623,11.2977018,12.5986579616,0.5421799902,7.538322954],[5.27915458,11.5689378,13.401708902,0.5350556704,8.2006606508],[5.87969915,12.1016805,14.2044968971,0.3476037789,10.5662964528],[7.05745045,12.2132417,15.3875201538,0.105123651,33.6164002384],[8.08927201,12.3348183,16.4264795377,0.134312806,29.0893016898],[8.78934519,12.4472663,17.1355260877,0.0758238258,49.4419856669],[9.60949584,12.4503089,17.9556823814,-0.1069093645,89.8540137605],[10.6841435,12.2439193,19.0499694827,-0.1902922121,88.5042081562],[11.5592949,12.074733,19.9413246179,-0.1487331469,88.7849649988],[12.6299419,11.9523615,21.01894226,-0.1418265389,88.2450423333],[13.7694359,11.7591576,22.1746992946,-0.2925675593,86.6893181075],[14.3800153,11.4252199,22.8706314689,-0.4257792845,87.3493460236],[15.6007349,10.9286225,24.1884953919,-0.3235935107,85.8099891476],[16.3923235,10.7503273,24.9999149443,-0.1981055139,86.5229582996],[17.3816099,10.5711324,26.0052996435,-0.3378226439,85.6747357558],[18.5059331,10.0078396,27.2628374905,-0.3675875114,86.0320895379],[19.1452522,9.8919708,27.9125716595,0.2653613733,29.6183981541]]}