{"columns":["x","y"],"index":[0,1,2,3,4,5,6,7,8,9,10,11,12,13,14,15,16,17,18,19,20,21,22,23,24,25,26,27,28,29],"data":[[0.0,0.0],[-0.004933469,0.0526315789],[0.0696753011,1.11354148],[0.148553559,2.20097299],[0.308046033,3.33281053],[0.576148427,4.77290245],[0.934371435,5.81482681],[1.21229756,6.84654441],[1.80122647,7.74583818],[2.25706317,8.78087972],[2.60398708,9.26382272],[3.64814398,10.3127212],[3.88983744,10.7320176],[4.52329623,11.2977018],[5.27915458,11.5689378],[5.87969915,12.1016805],[7.05745045,12.2132417],[8.08927201,12.3348183],[8.78934519,12.4472663],[9.60949584,12.4503089],[10.6841435,12.2439193],[11.5592949,12.074733],[12.6299419,11.9523615],[13.7694359,11.7591576],[14.3800153,11.4252199],[15.6007349,10.9286225],[16.3923235,10.7503273],[17.3816099,10.5711324],[18.5059331,10.0078396],[19.1452522,9.8919708]]}