{"columns":["x","y"],"index":[0,1,2,3,4,5,6,7,8,9,10,11,12,13,14,15,16,17,18,19,20,21,22,23,24,25],"data":[[0.0,0.0],[-0.03810068,0.31534681],[0.32313221,1.71489958],[0.60413599,2.64503493],[1.12107969,3.47456661],[1.91333261,4.3648726],[2.52548578,4.79260235],[3.43093748,5.38732084],[4.03331153,6.21709489],[5.13187382,6.7775715],[6.35439007,6.38084553],[7.50874964,6.63725242],[8.46312117,7.07137742],[9.60915791,6.87447925],[11.00798445,7.17314965],[12.05194565,7.10611952],[13.11173193,7.25424218],[14.5120133,7.12396113],[15.39558321,7.24941224],[16.6756181,7.26437557],[18.35952045,6.9969601],[19.44416804,7.33407854],[20.52461764,6.91642049],[21.31749181,6.86810206],[22.01417995,6.89101802],[22.62268904,6.86077725]]}