{"columns":["axisLocn_x","axisLocn_y","distAlongAxis","plumeAngle","sig plumeAngle","plumeWidth","sig plumeWidth"],"index":[0,1,2,3,4,5,6,7,8,9,10,11,12,13,14,15,16,17,18],"data":[[0.0028904284,0.1084204017,0.1084589235,1.6997070984,0.0541481412,0.2850284801,0.0016665686],[0.0118156807,0.8135153331,0.8136103415,1.4844729259,0.0282450551,0.268223283,0.0013673243],[0.1635449697,1.9648728794,1.9749225203,1.3872786196,0.0219617681,0.4123864138,0.00265125],[0.4491530432,3.1697819395,3.2132188559,1.2733235621,0.0205764144,0.7299863298,0.0041380611],[0.9132661627,4.4103920087,4.5377996694,1.1435826672,0.0208830163,1.0077172267,0.0043806767],[1.493407562,5.4635717798,5.7401938117,0.8838443226,0.0170764151,1.1481927929,0.0042183562],[2.8678964157,6.793434372,7.6527193993,0.6883950777,0.0171849109,1.4445482878,0.0046821744],[3.8585994206,7.4092767805,8.8192331437,0.4572271515,0.021164787,1.6060433332,0.0053845108],[5.0992094899,7.8912404045,10.1501735177,0.3217505544,0.0196291861,1.7234760783,0.0062283652],[6.4022963252,8.2571757487,11.5036667672,0.1615198701,0.0185948069,1.7874896356,0.0067192841],[7.8928134588,8.3464282716,12.9968537409,0.0573388913,0.017786217,1.7716221468,0.0062895923],[9.3565548355,8.4267555423,14.4627975625,-0.0498340176,0.0146873022,1.6913336562,0.00536485],[11.4718396298,8.1679232257,16.5938592531,-0.1640601437,0.0130150934,1.524361262,0.0053340642],[13.3461426122,7.7662868723,18.5107117331,-0.2034930453,0.0152784538,1.4349926604,0.0056694887],[14.845584998,7.4717535465,20.0388077211,-0.1584403702,0.0160415079,1.4185349503,0.0055285656],[16.5860091959,7.2486222391,21.7934769118,-0.0502370248,0.0164510875,1.4347642546,0.005362392],[18.0408253203,7.3110990052,23.2496339439,0.0141633588,0.0167035057,1.4449093404,0.0048712814],[19.7366232567,7.2932485006,24.9455258278,0.0358961764,0.0162793652,1.447112007,0.0044646571],[21.2717666518,7.4271272851,26.4864959029,0.1431851604,0.0179036282,1.507822893,0.0037532074]]}