{"columns":["x","y"],"index":[0,1,2,3,4,5,6,7,8,9,10,11,12,13,14,15,16,17,18],"data":[[0.0028904284,0.1084204017],[0.0118156807,0.8135153331],[0.1635449697,1.9648728794],[0.4491530432,3.1697819395],[0.9132661627,4.4103920087],[1.493407562,5.4635717798],[2.8678964157,6.793434372],[3.8585994206,7.4092767805],[5.0992094899,7.8912404045],[6.4022963252,8.2571757487],[7.8928134588,8.3464282716],[9.3565548355,8.4267555423],[11.4718396298,8.1679232257],[13.3461426122,7.7662868723],[14.845584998,7.4717535465],[16.5860091959,7.2486222391],[18.0408253203,7.3110990052],[19.7366232567,7.2932485006],[21.2717666518,7.4271272851]]}