{"columns":["x","y"],"index":[0,1,2,3,4,5,6,7,8,9,10,11,12,13,14,15,16,17,18,19,20,21,22],"data":[[0.0468160319,0.1675737532],[0.0702169813,0.7876989124],[0.2106226777,1.7120364137],[0.0585165066,2.6012724909],[0.1872217283,3.6192137898],[0.2925260006,4.5903531899],[0.4095307476,5.444487843],[0.5733373934,6.6847381612],[0.9711535332,7.7611818336],[1.5327763188,8.720620759],[2.4337128707,9.9725715519],[3.5569584419,10.8852085785],[4.879112083,11.1309185472],[7.1373037001,11.0724161737],[9.0444810762,10.3937886411],[10.4134366161,9.7151611085],[11.7121893079,9.1301373735],[13.3619562406,8.6270169614],[15.4797421613,7.9717903782],[17.3050162145,7.3633656938],[19.9493234967,7.2346604721],[21.57568948,7.3750661685],[22.6755341018,7.5271723396]]}