{"columns":["axisLocn_x","axisLocn_y","distAlongAxis","plumeAngle","sig plumeAngle","plumeWidth","sig plumeWidth"],"index":[0,1,2,3,4,5,6,7,8,9,10,11,12,13,14,15,16,17,18,19],"data":[[0.0096561969,0.0917347552,0.0922415712,1.3558928284,0.0308767815,0.2941283834,0.0019839611],[0.2125424448,0.8018366228,0.830758661,1.2065182378,0.0418518175,0.3691703864,0.0020027193],[0.457696661,1.2667842742,1.3563791593,0.8500139673,0.0258424596,0.4763105349,0.0019472518],[1.556663837,2.3319370756,2.886829859,0.6577769856,0.0193212508,0.7693464956,0.0031326685],[2.6133630447,2.9321422255,4.1020909164,0.5451308906,0.0213797185,0.9273075639,0.0044520445],[3.6616086587,3.6084297184,5.349561814,0.5116587334,0.0208792585,1.0441324676,0.0054775822],[4.8112973967,4.1663669001,6.6274812531,0.3652014498,0.0213799706,1.1761253216,0.0054465195],[5.9609861347,4.4876034593,7.8212053089,0.2942345651,0.0164142641,1.3348686631,0.0061686511],[7.8799518959,5.0962622029,9.8343856433,0.337821847,0.0137565429,1.5524728591,0.0071170518],[9.5706706282,5.7556425085,11.6491341711,0.3000353658,0.0185868873,1.7301873747,0.0079788614],[10.5851018676,5.9331679754,12.6789817476,0.1836223262,0.0218616981,1.8307436486,0.0080825951],[11.9376768534,6.1952293789,14.0567100486,0.2215288046,0.0182396279,1.8921742756,0.0075507859],[13.4001485569,6.5671875,15.5657416346,0.2091849386,0.0170117849,1.9297278806,0.0070770012],[14.9640633843,6.8377024972,17.1528799244,0.1469771203,0.0172033943,1.9037960104,0.0064256179],[16.4265350877,7.0152279641,18.6260868938,0.0783731709,0.0162482467,1.9312740871,0.0064195465],[18.193336163,7.091310307,20.3945253469,0.0511063544,0.0159023339,1.9331088356,0.0061744777],[19.7318902094,7.1842998373,21.9358869549,0.0134400509,0.0167348901,1.8817187827,0.0058318792],[21.3380730051,7.1335782753,23.5428704178,-0.0369063114,0.0191436979,1.9705712628,0.0078035301],[22.4793081494,7.0828567134,24.6852321518,-0.0559415712,0.0248648082,2.1485366282,0.0109317532],[23.4514714205,7.0152279641,25.6597448882,-0.0855052937,0.029539028,2.3354829034,0.0138746042]]}