{"columns":["x","y"],"index":[0,1,2,3,4,5,6,7,8,9,10,11,12,13,14,15,16,17,18,19],"data":[[0.0096561969,0.0917347552],[0.2125424448,0.8018366228],[0.457696661,1.2667842742],[1.556663837,2.3319370756],[2.6133630447,2.9321422255],[3.6616086587,3.6084297184],[4.8112973967,4.1663669001],[5.9609861347,4.4876034593],[7.8799518959,5.0962622029],[9.5706706282,5.7556425085],[10.5851018676,5.9331679754],[11.9376768534,6.1952293789],[13.4001485569,6.5671875],[14.9640633843,6.8377024972],[16.4265350877,7.0152279641],[18.193336163,7.091310307],[19.7318902094,7.1842998373],[21.3380730051,7.1335782753],[22.4793081494,7.0828567134],[23.4514714205,7.0152279641]]}