{"columns":["x","y"],"index":[0,1,2,3,4,5,6,7,8,9,10,11,12,13,14,15],"data":[[0.0043696905,-0.0186016991],[0.0512401133,1.8405917391],[0.2230983302,3.8403964457],[0.5199443414,5.3402499756],[0.9886485695,7.0275851968],[1.8791866029,8.8555316864],[2.9728298018,10.2616443707],[4.0196025779,11.2927936725],[5.8006786447,12.0114734889],[7.6598720828,13.1676105849],[10.7220730397,13.6206913387],[13.2530758715,13.9487842984],[14.9560345669,13.9800312469],[17.1433209647,13.4957035446],[19.6743237965,13.1988575334],[22.0334684113,12.4489307685]]}