{"columns":["x","y"],"index":[0,1,2,3,4,5,6,7,8,9,10,11,12,13,14,15,16,17],"data":[[-0.0648485534,0.1349588942],[0.0723707766,1.7053578923],[0.2095901065,3.8703739869],[0.7737140185,6.6757469545],[1.3835777071,8.9779823791],[2.7100312298,10.8685598138],[4.066977937,12.3779724431],[5.6678701196,13.3385077526],[7.4059816321,13.7501657424],[8.4427499028,13.8873850724],[10.4857932596,13.5824532281],[12.3763706943,13.1555486461],[13.9162765081,12.6829042874],[15.257976623,12.3627258509],[17.453485902,11.524163279],[19.7709679188,10.9295461826],[21.204147587,10.6093677461],[22.5001079253,10.1977097563]]}