{"columns":["axisLocn_x","axisLocn_y","distAlongAxis","plumeAngle","sig plumeAngle","plumeWidth","sig plumeWidth"],"index":[0,1,2,3,4,5,6,7,8,9,10,11,12,13,14,15,16,17],"data":[[-0.0648485534,0.1349588942,0.1497305513,1.4634264047,0.0205517581,0.2858677947,0.0016474173],[0.0723707766,1.7053578923,1.7261131691,1.4974587024,0.014052014,0.3555111189,0.0015374831],[0.2095901065,3.8703739869,3.8954734053,1.4306174836,0.0104851585,0.617538244,0.0033739366],[0.7737140185,6.6757469545,6.7570032891,1.3448696983,0.0100426748,1.2553406239,0.0061313235],[1.3835777071,8.9779823791,9.13864593,1.1381579771,0.0113962275,1.7762757435,0.0072976153],[2.7100312298,10.8685598138,11.4481398106,0.9026523202,0.0121513182,2.3209861031,0.008396441],[4.066977937,12.3779724431,13.4778271884,0.6957514471,0.0136581274,2.5583171713,0.0116518473],[5.6678701196,13.3385077526,15.3447722495,0.3899178639,0.0145795189,2.7441341493,0.0107840738],[7.4059816321,13.7501657424,17.130967628,0.1952813981,0.0186066497,2.8718749923,0.0112449866],[8.4427499028,13.8873850724,18.1767771669,-0.0544017138,0.0170639382,2.9209161344,0.011559655],[10.4857932596,13.5824532281,20.2424512911,-0.1839434565,0.0131542133,2.8544183585,0.010592103],[12.3763706943,13.1555486461,22.1806284138,-0.2564484417,0.0148405809,2.7614100851,0.0094129663],[13.9162765081,12.6829042874,23.7914364735,-0.2684891819,0.0176102968,2.6582579433,0.0088447318],[15.257976623,12.3627258509,25.1708107626,-0.3165692536,0.014140035,2.5617526135,0.0082889187],[17.453485902,11.524163279,27.5210124946,-0.307494901,0.0111152183,2.4389479243,0.0099181062],[19.7709679188,10.9295461826,29.9135618441,-0.2392316,0.0136329676,2.4610349082,0.014657932],[21.204147587,10.6093677461,31.3820706771,-0.261992728,0.0186269545,2.6097772372,0.0140303531],[22.5001079253,10.1977097563,32.7418410617,-0.3567270764,0.020091302,2.2897049668,0.0103136069]]}